订单日期,品类,区域,销售额,数量
2026-01-01,食品,华南,2427.41,6
2026-01-01,服饰,华东,1878.25,9
2026-01-01,服饰,西南,4780.58,13
2026-01-02,食品,西南,2057.87,4
2026-01-02,服饰,华南,1406.66,14
2026-01-02,食品,华南,2866.09,1
2026-01-03,食品,华东,1712.29,5
2026-01-03,电子产品,华南,2047.17,17
2026-01-03,电子产品,华北,1660.52,7
2026-01-04,家居,华南,1857.41,19
2026-01-04,家居,西南,655.6,16
2026-01-04,食品,西南,1200.5,5
2026-01-05,食品,华东,1276.68,18
2026-01-05,电子产品,华东,1749.32,17
2026-01-05,家居,华南,2393.32,19
2026-01-06,食品,华东,1080.75,8
2026-01-06,电子产品,华南,5998.23,18
2026-01-06,食品,华北,1879.12,6
2026-01-07,电子产品,华北,2577.93,7
2026-01-07,家居,华北,989.38,10
2026-01-07,食品,华东,1155.61,7
2026-01-08,家居,华北,4808.66,1
2026-01-08,家居,华东,2941.02,14
2026-01-08,家居,西南,1886.51,9
2026-01-09,服饰,西南,808.85,16
2026-01-09,家居,西南,4707.83,4
2026-01-09,食品,华南,1124.1,5
2026-01-10,家居,华北,1540.15,14
2026-01-10,家居,华南,1876.2,14
2026-01-10,服饰,华南,2544.95,10
2026-01-11,服饰,西南,2081.28,12
2026-01-11,服饰,华东,2025.51,17
2026-01-11,服饰,华北,5629.63,17
2026-01-12,食品,华南,2207.08,18
2026-01-12,食品,华东,2681.35,19
2026-01-12,食品,华南,771.25,7
2026-01-13,服饰,华东,3195.35,16
2026-01-13,服饰,华东,588.43,6
2026-01-13,家居,华北,1363.81,17
2026-01-14,食品,西南,6650.93,18
2026-01-14,家居,西南,1268.61,9
2026-01-14,电子产品,华东,2060.89,10
2026-01-15,食品,华北,954.89,3
2026-01-15,电子产品,华南,955.35,2
2026-01-15,食品,华东,3844.47,4
2026-01-16,服饰,华南,1572.03,1
2026-01-16,电子产品,华北,1965.41,8
2026-01-16,电子产品,华北,1720.24,19
2026-01-17,家居,华南,748.39,14
2026-01-17,电子产品,华北,1893.13,12
2026-01-17,电子产品,华南,3727.78,14
2026-01-18,服饰,华东,1264.16,2
2026-01-18,食品,华北,2687.65,13
2026-01-18,家居,西南,3780.08,10
2026-01-19,食品,华南,908.38,3
2026-01-19,食品,西南,3368.09,10
2026-01-19,食品,西南,489.86,13
2026-01-20,服饰,华南,3013.84,9
2026-01-20,家居,西南,1670.3,18
2026-01-20,服饰,华北,974.18,19
2026-01-21,家居,西南,1912.23,7
2026-01-21,家居,西南,1394.52,19
2026-01-21,家居,华南,610.09,5
2026-01-22,电子产品,西南,3693.85,3
2026-01-22,食品,华南,3863.03,13
2026-01-22,电子产品,西南,1039.5,3
2026-01-23,电子产品,西南,1588.05,7
2026-01-23,电子产品,华南,1506.77,8
2026-01-23,食品,西南,1759.65,14
2026-01-24,服饰,西南,853.23,16
2026-01-24,食品,华东,3507.06,17
2026-01-24,电子产品,华北,2137.92,12
2026-01-25,服饰,华北,1094.48,19
2026-01-25,家居,华北,1525.47,14
2026-01-25,家居,华东,1268.12,17
2026-01-26,电子产品,华北,1849.97,11
2026-01-26,服饰,华东,2996.85,3
2026-01-26,食品,华东,3022.38,4
2026-01-27,服饰,华南,1006.0,8
2026-01-27,电子产品,华北,2201.93,16
2026-01-27,服饰,西南,1154.9,8
2026-01-28,家居,华北,581.88,1
2026-01-28,食品,西南,1009.43,9
2026-01-28,食品,华南,2056.9,14
2026-01-29,电子产品,华北,697.24,19
2026-01-29,服饰,华北,1302.19,4
2026-01-29,食品,华东,2668.4,6
2026-01-30,食品,华南,1322.76,9
2026-01-30,服饰,华北,1290.72,10
2026-01-30,服饰,华北,1099.31,19
2026-01-31,电子产品,华北,521.69,8
2026-01-31,服饰,华南,1741.7,11
2026-01-31,家居,华北,2093.03,5
2026-02-01,电子产品,华北,2198.9,2
2026-02-01,电子产品,华东,1043.57,8
2026-02-01,服饰,华东,1065.59,9
2026-02-02,服饰,华南,3265.51,4
2026-02-02,服饰,西南,1107.79,13
2026-02-02,服饰,西南,1702.59,7
2026-02-03,食品,华南,163.14,2
2026-02-03,服饰,华南,1013.98,11
2026-02-03,家居,西南,1012.26,5
2026-02-04,服饰,华东,708.56,14
2026-02-04,服饰,华南,4504.23,1
2026-02-04,电子产品,华北,1650.44,15
2026-02-05,电子产品,华南,492.44,11
2026-02-05,服饰,华北,2093.22,14
2026-02-05,家居,华北,2013.13,8
2026-02-06,服饰,西南,2047.92,17
2026-02-06,家居,华南,4302.46,10
2026-02-06,电子产品,华东,1959.33,19
2026-02-07,电子产品,华北,2049.56,6
2026-02-07,家居,华北,1302.99,17
2026-02-07,食品,西南,1040.02,13
2026-02-08,家居,华东,2000.44,18
2026-02-08,家居,西南,1903.15,4
2026-02-08,服饰,西南,1119.1,10
2026-02-09,食品,西南,1493.74,18
2026-02-09,家居,华北,2127.55,5
2026-02-09,服饰,华北,2222.23,19
2026-02-10,家居,华南,1425.06,19
2026-02-10,服饰,华东,408.51,10
2026-02-10,家居,西南,2336.72,14
2026-02-11,服饰,华东,1625.63,9
2026-02-11,服饰,华北,1094.99,13
2026-02-11,服饰,华北,1489.78,17
2026-02-12,食品,华东,915.23,15
2026-02-12,电子产品,华南,2325.96,6
2026-02-12,服饰,华北,1609.46,12
2026-02-13,家居,西南,613.92,16
2026-02-13,家居,华东,2466.85,12
2026-02-13,电子产品,华东,2674.29,6
2026-02-14,电子产品,华南,1812.01,15
2026-02-14,家居,西南,2746.82,14
2026-02-14,食品,华东,703.54,13
2026-02-15,电子产品,西南,4054.85,7
2026-02-15,家居,华东,2453.69,11
2026-02-15,食品,华北,3616.77,12
2026-02-16,食品,西南,717.44,5
2026-02-16,电子产品,西南,1406.69,18
2026-02-16,电子产品,西南,1684.61,12
2026-02-17,服饰,西南,5328.54,2
2026-02-17,电子产品,华东,2001.14,6
2026-02-17,家居,华北,873.71,16
2026-02-18,家居,华南,2738.66,14
2026-02-18,食品,华南,2280.61,11
2026-02-18,电子产品,华东,1275.04,10
2026-02-19,服饰,华南,3238.31,8
2026-02-19,服饰,华东,3860.54,18
2026-02-19,电子产品,华南,1754.12,7
2026-02-20,食品,西南,1073.32,16
2026-02-20,食品,华北,2985.39,2
2026-02-20,家居,华东,2562.13,11
2026-02-21,食品,华南,1691.02,5
2026-02-21,服饰,华北,1191.78,9
2026-02-21,食品,华南,1725.08,12
2026-02-22,食品,西南,2670.78,2
2026-02-22,服饰,西南,2113.96,2
2026-02-22,家居,华南,177.46,12
2026-02-23,电子产品,西南,2924.56,13
2026-02-23,服饰,华东,5215.75,2
2026-02-23,电子产品,华东,2568.27,19
2026-02-24,食品,华北,3335.38,9
2026-02-24,食品,华南,2081.26,19
2026-02-24,电子产品,华东,5848.37,3
2026-02-25,服饰,西南,2070.73,17
2026-02-25,电子产品,华东,4413.18,13
2026-02-25,电子产品,西南,4686.19,16
2026-02-26,家居,华北,1899.41,16
2026-02-26,食品,华北,3334.61,4
2026-02-26,食品,华东,706.58,4
2026-02-27,服饰,华北,2604.35,19
2026-02-27,服饰,华东,698.49,9
2026-02-27,服饰,华南,2845.91,4
2026-02-28,电子产品,华南,1570.54,12
2026-02-28,家居,华北,1834.96,17
2026-02-28,食品,华北,1150.23,6
2026-03-01,家居,华南,2412.03,17
2026-03-01,电子产品,华南,3142.99,2
2026-03-01,电子产品,西南,1140.47,12
2026-03-02,服饰,西南,1706.55,8
2026-03-02,电子产品,华东,2425.0,10
2026-03-02,食品,华北,1409.08,12
2026-03-03,食品,华东,4139.15,4
2026-03-03,服饰,西南,5955.38,1
2026-03-03,家居,华东,2432.21,10
2026-03-04,食品,西南,1974.87,19
2026-03-04,服饰,华南,2289.69,6
2026-03-04,家居,华南,1223.12,11
2026-03-05,家居,华北,753.04,3
2026-03-05,家居,华南,1288.05,7
2026-03-05,食品,华东,2423.24,3
2026-03-06,电子产品,西南,1725.05,3
2026-03-06,电子产品,华北,1169.02,16
2026-03-06,服饰,华北,1055.38,18
2026-03-07,家居,华南,2098.15,18
2026-03-07,食品,华南,1705.31,14
2026-03-07,电子产品,西南,3185.59,3
2026-03-08,食品,华南,1044.97,18
2026-03-08,电子产品,华东,7446.18,1
2026-03-08,家居,华东,1991.02,6
2026-03-09,食品,华东,6107.99,6
2026-03-09,电子产品,华南,1689.56,15
2026-03-09,服饰,华南,2846.23,3
2026-03-10,服饰,华东,1535.89,19
2026-03-10,家居,华北,5236.78,4
2026-03-10,电子产品,华南,3157.97,17
2026-03-11,服饰,华北,1325.2,12
2026-03-11,家居,华北,1889.67,5
2026-03-11,食品,华东,3154.86,9
2026-03-12,服饰,西南,599.3,3
2026-03-12,家居,华东,1303.97,9
2026-03-12,电子产品,华南,1437.05,14
2026-03-13,服饰,华北,315.04,4
2026-03-13,家居,华东,2481.71,19
2026-03-13,服饰,西南,5905.87,13
2026-03-14,食品,西南,538.73,7
2026-03-14,家居,华南,913.17,6
2026-03-14,食品,西南,2239.09,15
2026-03-15,服饰,华东,2612.75,8
2026-03-15,服饰,华北,2545.87,18
2026-03-15,食品,华北,1749.28,9
2026-03-16,食品,华北,1503.01,14
2026-03-16,食品,西南,603.64,18
2026-03-16,食品,西南,5566.65,19
2026-03-17,电子产品,华北,4367.97,5
2026-03-17,家居,华南,1366.0,9
2026-03-17,食品,华北,2060.85,14
2026-03-18,家居,西南,1775.04,8
2026-03-18,电子产品,华北,1613.79,6
2026-03-18,服饰,华南,1006.96,12
2026-03-19,食品,华北,6714.77,17
2026-03-19,服饰,华南,1836.49,9
2026-03-19,食品,西南,3198.58,8
2026-03-20,服饰,华南,1873.98,15
2026-03-20,电子产品,华东,2505.62,10
2026-03-20,食品,西南,4875.58,6
2026-03-21,家居,华东,2243.27,17
2026-03-21,食品,西南,4732.59,12
2026-03-21,食品,西南,1372.16,13
2026-03-22,食品,华东,3122.89,16
2026-03-22,电子产品,华南,4524.37,2
2026-03-22,食品,西南,3271.61,17
2026-03-23,服饰,华北,1376.56,3
2026-03-23,家居,华北,1685.31,1
2026-03-23,食品,华东,1392.93,19
2026-03-24,食品,华北,2567.44,6
2026-03-24,服饰,西南,1882.99,1
2026-03-24,电子产品,西南,1290.18,14
2026-03-25,服饰,华东,905.09,6
2026-03-25,电子产品,华东,1396.55,8
2026-03-25,电子产品,华南,2066.34,19
2026-03-26,电子产品,华东,3179.45,11
2026-03-26,电子产品,华北,2634.28,1
2026-03-26,食品,华南,3069.49,13
2026-03-27,家居,华南,4190.1,4
2026-03-27,电子产品,华北,2687.61,7
2026-03-27,电子产品,西南,740.12,5
2026-03-28,家居,华南,1812.18,18
2026-03-28,家居,西南,805.11,2
2026-03-28,家居,西南,2272.63,11
2026-03-29,食品,华南,589.05,9
2026-03-29,食品,华东,2018.31,11
2026-03-29,服饰,华东,2255.95,12
2026-03-30,食品,华南,2938.22,2
2026-03-30,家居,华北,2083.43,7
2026-03-30,电子产品,华北,7565.14,11
2026-03-31,家居,华南,1582.22,3
2026-03-31,电子产品,西南,3330.78,16
2026-03-31,食品,西南,1561.07,16
2026-04-01,电子产品,西南,1093.2,11
2026-04-01,家居,华北,1570.35,16
2026-04-01,电子产品,华东,747.34,9
2026-04-02,食品,华东,2332.9,11
2026-04-02,电子产品,华南,553.73,9
2026-04-02,服饰,华南,3355.64,3
2026-04-03,食品,华北,2032.1,4
2026-04-03,服饰,华南,3068.76,11
2026-04-03,食品,华南,941.4,2
2026-04-04,食品,西南,4639.96,12
2026-04-04,食品,华南,4034.39,7
2026-04-04,服饰,华北,3608.61,9
2026-04-05,服饰,西南,1934.21,18
2026-04-05,服饰,华北,3300.66,17
2026-04-05,食品,华北,2024.43,9
2026-04-06,家居,西南,4137.57,8
2026-04-06,食品,华东,571.27,16
2026-04-06,食品,华南,2153.5,10
2026-04-07,家居,华北,4357.18,15
2026-04-07,家居,华南,3381.29,3
2026-04-07,服饰,华东,3479.88,14
2026-04-08,食品,西南,3310.74,11
2026-04-08,电子产品,华南,2340.89,5
2026-04-08,电子产品,西南,1136.85,15
2026-04-09,电子产品,西南,2792.79,11
2026-04-09,家居,西南,1611.49,14
2026-04-09,电子产品,华北,1790.47,16
2026-04-10,服饰,西南,1965.38,5
2026-04-10,服饰,华南,2105.87,16
2026-04-10,食品,华东,1102.98,19
